Subject Pair ID,Pair ID,Participant ID,Condition,Condition Order,Trial,Difficulty,Image Set,Image Number,Image ID,Time,Score,Gender Pair,Ethnicity,Age,Gender,English,Spatial Score,Gaze Accuracy,Pronouns
SP1S1,SP1,S1,Collocated ,1,1,Easy,3,0,9,0:02:13.751000,-40,FF,3,2,F,YES,
SP1S2,SP1,S2,Collocated ,1,1,Easy,3,0,9,0:02:13.751000,-40,FF,3,2,F,YES,
SP1S1,SP1,S1,Collocated ,1,2,Easy,3,1,10,0:02:36.829000,-90,FF,3,2,F,YES,
SP1S2,SP1,S2,Collocated ,1,2,Easy,3,1,10,0:02:36.829000,-90,FF,3,2,F,YES,
SP1S1,SP1,S1,Collocated ,1,3,Hard,3,2,11,0:06:01.301000,-260,FF,3,2,F,YES,
SP1S2,SP1,S2,Collocated ,1,3,Hard,3,2,11,0:06:01.301000,-260,FF,3,2,F,YES,
SP1S1,SP1,S1,Collocated ,1,4,Hard,3,3,12,None,None,FF,3,2,F,YES,
SP1S2,SP1,S2,Collocated ,1,4,Hard,3,3,12,None,None,FF,3,2,F,YES,
SP1S1,SP1,S1,Gaze,2,5,Easy,1,0,1,0:09:18.933000,-130,FF,3,2,F,YES,
SP1S2,SP1,S2,Gaze,2,5,Easy,1,0,1,0:09:18.933000,-130,FF,3,2,F,YES,
SP1S1,SP1,S1,Gaze,2,6,Easy,1,1,2,None,None,FF,3,2,F,YES,
SP1S2,SP1,S2,Gaze,2,6,Easy,1,1,2,None,None,FF,3,2,F,YES,
SP1S1,SP1,S1,Gaze,2,7,Hard,1,2,3,None,None,FF,3,2,F,YES,
SP1S2,SP1,S2,Gaze,2,7,Hard,1,2,3,None,None,FF,3,2,F,YES,
SP1S1,SP1,S1,Gaze,2,8,Hard,1,3,4,None,None,FF,3,2,F,YES,
SP1S2,SP1,S2,Gaze,2,8,Hard,1,3,4,None,None,FF,3,2,F,YES,
SP1S1,SP1,S1,No Gaze,3,9,Easy,2,0,5,0:02:52.288000,-10,FF,3,2,F,YES,
SP1S2,SP1,S2,No Gaze,3,9,Easy,2,0,5,0:02:52.288000,-10,FF,3,2,F,YES,
SP1S1,SP1,S1,No Gaze,3,10,Easy,2,1,6,None,None,FF,3,2,F,YES,
SP1S2,SP1,S2,No Gaze,3,10,Easy,2,1,6,None,None,FF,3,2,F,YES,
SP1S1,SP1,S1,No Gaze,3,11,Hard,2,2,7,None,None,FF,3,2,F,YES,
SP1S2,SP1,S2,No Gaze,3,11,Hard,2,2,7,None,None,FF,3,2,F,YES,
SP1S1,SP1,S1,No Gaze,3,12,Hard,2,3,8,None,None,FF,3,2,F,YES,
SP1S2,SP1,S2,No Gaze,3,12,Hard,2,3,8,None,None,FF,3,2,F,YES,
SP2S1,SP2,S1,No Gaze,1,1,Easy,1,0,1,0:06:48.733000,-560,FM,2,2,F,NO,
SP2S2,SP2,S2,No Gaze,1,1,Easy,1,0,1,0:06:48.733000,-560,FM,4,2,M,NO,
SP2S1,SP2,S1,No Gaze,1,2,Easy,1,1,2,None,None,FM,2,2,F,NO,
SP2S2,SP2,S2,No Gaze,1,2,Easy,1,1,2,None,None,FM,4,2,M,NO,
SP2S1,SP2,S1,No Gaze,1,3,Hard,1,2,3,None,None,FM,2,2,F,NO,
SP2S2,SP2,S2,No Gaze,1,3,Hard,1,2,3,None,None,FM,4,2,M,NO,
SP2S1,SP2,S1,No Gaze,1,4,Hard,1,3,4,None,None,FM,2,2,F,NO,
SP2S2,SP2,S2,No Gaze,1,4,Hard,1,3,4,None,None,FM,4,2,M,NO,
SP2S1,SP2,S1,Collocated,2,5,Easy,2,0,5,0:04:17.703000,70,FM,2,2,F,NO,
SP2S2,SP2,S2,Collocated,2,5,Easy,2,0,5,0:04:17.703000,70,FM,4,2,M,NO,
SP2S1,SP2,S1,Collocated,2,6,Easy,2,1,6,None,None,FM,2,2,F,NO,
SP2S2,SP2,S2,Collocated,2,6,Easy,2,1,6,None,None,FM,4,2,M,NO,
SP2S1,SP2,S1,Collocated,2,7,Hard,2,2,7,0:05:44.313000,-30,FM,2,2,F,NO,
SP2S2,SP2,S2,Collocated,2,7,Hard,2,2,7,0:05:44.313000,-30,FM,4,2,M,NO,
SP2S1,SP2,S1,Collocated,2,8,Hard,2,3,8,None,None,FM,2,2,F,NO,
SP2S2,SP2,S2,Collocated,2,8,Hard,2,3,8,None,None,FM,4,2,M,NO,
SP2S1,SP2,S1,Gaze,3,9,Easy,3,0,9,0:03:16.369000,160,FM,2,2,F,NO,
SP2S2,SP2,S2,Gaze,3,9,Easy,3,0,9,0:03:16.369000,160,FM,4,2,M,NO,
SP2S1,SP2,S1,Gaze,3,10,Easy,3,1,10,None,None,FM,2,2,F,NO,
SP2S2,SP2,S2,Gaze,3,10,Easy,3,1,10,None,None,FM,4,2,M,NO,
SP2S1,SP2,S1,Gaze,3,11,Hard,3,2,11,0:07:29.261000,-180,FM,2,2,F,NO,
SP2S2,SP2,S2,Gaze,3,11,Hard,3,2,11,0:07:29.261000,-180,FM,4,2,M,NO,
SP2S1,SP2,S1,Gaze,3,12,Hard,3,3,12,None,None,FM,2,2,F,NO,
SP2S2,SP2,S2,Gaze,3,12,Hard,3,3,12,None,None,FM,4,2,M,NO,
SP3S1,SP3,S1,No Gaze,1,1,Easy,1,0,1,0:02:10.493000,20,FF,2,2,F,YES,
SP3S2,SP3,S2,No Gaze,1,1,Easy,1,0,1,0:02:10.493000,20,FF,3,2,F,YES,
SP3S1,SP3,S1,No Gaze,1,2,Easy,1,1,2,None,None,FF,2,2,F,YES,
SP3S2,SP3,S2,No Gaze,1,2,Easy,1,1,2,None,None,FF,3,2,F,YES,
SP3S1,SP3,S1,No Gaze,1,3,Hard,1,2,3,None,None,FF,2,2,F,YES,
SP3S2,SP3,S2,No Gaze,1,3,Hard,1,2,3,None,None,FF,3,2,F,YES,
SP3S1,SP3,S1,No Gaze,1,4,Hard,1,3,4,0:05:03.414000,0,FF,2,2,F,YES,
SP3S2,SP3,S2,No Gaze,1,4,Hard,1,3,4,0:05:03.414000,0,FF,3,2,F,YES,
SP3S1,SP3,S1,Gaze,2,5,Easy,2,0,5,0:02:59.265000,170,FF,2,2,F,YES,
SP3S2,SP3,S2,Gaze,2,5,Easy,2,0,5,0:02:59.265000,170,FF,3,2,F,YES,
SP3S1,SP3,S1,Gaze,2,6,Easy,2,1,6,None,None,FF,2,2,F,YES,
SP3S2,SP3,S2,Gaze,2,6,Easy,2,1,6,None,None,FF,3,2,F,YES,
SP3S1,SP3,S1,Gaze,2,7,Hard,2,2,7,None,None,FF,2,2,F,YES,
SP3S2,SP3,S2,Gaze,2,7,Hard,2,2,7,None,None,FF,3,2,F,YES,
SP3S1,SP3,S1,Gaze,2,8,Hard,2,3,8,0:02:39.452000,0,FF,2,2,F,YES,
SP3S2,SP3,S2,Gaze,2,8,Hard,2,3,8,0:02:39.452000,0,FF,3,2,F,YES,
SP3S1,SP3,S1,Collocated,3,9,Easy,3,0,9,0:01:39.655000,180,FF,2,2,F,YES,
SP3S2,SP3,S2,Collocated,3,9,Easy,3,0,9,0:01:39.655000,180,FF,3,2,F,YES,
SP3S1,SP3,S1,Collocated,3,10,Easy,3,1,10,None,None,FF,2,2,F,YES,
SP3S2,SP3,S2,Collocated,3,10,Easy,3,1,10,None,None,FF,3,2,F,YES,
SP3S1,SP3,S1,Collocated,3,11,Hard,3,2,11,None,None,FF,2,2,F,YES,
SP3S2,SP3,S2,Collocated,3,11,Hard,3,2,11,None,None,FF,3,2,F,YES,
SP3S1,SP3,S1,Collocated,3,12,Hard,3,3,12,0:04:36.531000,0,FF,2,2,F,YES,
SP3S2,SP3,S2,Collocated,3,12,Hard,3,3,12,0:04:36.531000,0,FF,3,2,F,YES,
SP4S1,SP4,S1,No Gaze,1,1,Easy,3,0,9,0:03:48.530000,-170,FM,2,2,M,YES,
SP4S2,SP4,S2,No Gaze,1,1,Easy,3,0,9,0:03:48.530000,-170,FM,3,3,F,YES,
SP4S1,SP4,S1,No Gaze,1,2,Easy,3,1,10,None,None,FM,2,2,M,YES,
SP4S2,SP4,S2,No Gaze,1,2,Easy,3,1,10,None,None,FM,3,3,F,YES,
SP4S1,SP4,S1,No Gaze,1,3,Hard,3,2,11,0:06:55.060000,-610,FM,2,2,M,YES,
SP4S2,SP4,S2,No Gaze,1,3,Hard,3,2,11,0:06:55.060000,-610,FM,3,3,F,YES,
SP4S1,SP4,S1,No Gaze,1,4,Hard,3,3,12,None,None,FM,2,2,M,YES,
SP4S2,SP4,S2,No Gaze,1,4,Hard,3,3,12,None,None,FM,3,3,F,YES,
SP4S1,SP4,S1,Gaze,2,5,Easy,1,0,1,0:04:23.583000,-140,FM,2,2,M,YES,
SP4S2,SP4,S2,Gaze,2,5,Easy,1,0,1,0:04:23.583000,-140,FM,3,3,F,YES,
SP4S1,SP4,S1,Gaze,2,6,Easy,1,1,2,None,None,FM,2,2,M,YES,
SP4S2,SP4,S2,Gaze,2,6,Easy,1,1,2,None,None,FM,3,3,F,YES,
SP4S1,SP4,S1,Gaze,2,7,Hard,1,2,3,0:03:41.190000,30,FM,2,2,M,YES,
SP4S2,SP4,S2,Gaze,2,7,Hard,1,2,3,0:03:41.190000,30,FM,3,3,F,YES,
SP4S1,SP4,S1,Gaze,2,8,Hard,1,3,4,0:07:05.876000,0,FM,2,2,M,YES,
SP4S2,SP4,S2,Gaze,2,8,Hard,1,3,4,0:07:05.876000,0,FM,3,3,F,YES,
SP4S1,SP4,S1,Collocated,3,9,Easy,2,0,5,0:02:49.321000,110,FM,2,2,M,YES,
SP4S2,SP4,S2,Collocated,3,9,Easy,2,0,5,0:02:49.321000,110,FM,3,3,F,YES,
SP4S1,SP4,S1,Collocated,3,10,Easy,2,1,6,None,None,FM,2,2,M,YES,
SP4S2,SP4,S2,Collocated,3,10,Easy,2,1,6,None,None,FM,3,3,F,YES,
SP4S1,SP4,S1,Collocated,3,11,Hard,2,2,7,None,None,FM,2,2,M,YES,
SP4S2,SP4,S2,Collocated,3,11,Hard,2,2,7,None,None,FM,3,3,F,YES,
SP4S1,SP4,S1,Collocated,3,12,Hard,2,3,8,0:02:18.137000,0,FM,2,2,M,YES,
SP4S2,SP4,S2,Collocated,3,12,Hard,2,3,8,0:02:18.137000,0,FM,3,3,F,YES,
SP5S1,SP5,S1,Gaze,1,1,Easy,2,0,5,0:03:50.032000,-410,FF,2,3,F,YES,
SP5S2,SP5,S2,Gaze,1,1,Easy,2,0,5,0:03:50.032000,-410,FF,3,2,F,YES,
SP5S1,SP5,S1,Gaze,1,2,Easy,2,1,6,None,None,FF,2,3,F,YES,
SP5S2,SP5,S2,Gaze,1,2,Easy,2,1,6,None,None,FF,3,2,F,YES,
SP5S1,SP5,S1,Gaze,1,3,Hard,2,2,7,None,None,FF,2,3,F,YES,
SP5S2,SP5,S2,Gaze,1,3,Hard,2,2,7,None,None,FF,3,2,F,YES,
SP5S1,SP5,S1,Gaze,1,4,Hard,2,3,8,0:05:51.938000,0,FF,2,3,F,YES,
SP5S2,SP5,S2,Gaze,1,4,Hard,2,3,8,0:05:51.938000,0,FF,3,2,F,YES,
SP5S1,SP5,S1,No Gaze,2,5,Easy,3,0,9,0:01:25.190000,90,FF,2,3,F,YES,
SP5S2,SP5,S2,No Gaze,2,5,Easy,3,0,9,0:01:25.190000,90,FF,3,2,F,YES,
SP5S1,SP5,S1,No Gaze,2,6,Easy,3,1,10,None,None,FF,2,3,F,YES,
SP5S2,SP5,S2,No Gaze,2,6,Easy,3,1,10,None,None,FF,3,2,F,YES,
SP5S1,SP5,S1,No Gaze,2,7,Hard,3,2,11,None,None,FF,2,3,F,YES,
SP5S2,SP5,S2,No Gaze,2,7,Hard,3,2,11,None,None,FF,3,2,F,YES,
SP5S1,SP5,S1,No Gaze,2,8,Hard,3,3,12,0:02:35.063000,0,FF,2,3,F,YES,
SP5S2,SP5,S2,No Gaze,2,8,Hard,3,3,12,0:02:35.063000,0,FF,3,2,F,YES,
SP5S1,SP5,S1,Collocated,3,9,Easy,1,0,1,0:02:21.533000,-210,FF,2,3,F,YES,
SP5S2,SP5,S2,Collocated,3,9,Easy,1,0,1,0:02:21.533000,-210,FF,3,2,F,YES,
SP5S1,SP5,S1,Collocated,3,10,Easy,1,1,2,None,None,FF,2,3,F,YES,
SP5S2,SP5,S2,Collocated,3,10,Easy,1,1,2,None,None,FF,3,2,F,YES,
SP5S1,SP5,S1,Collocated,3,11,Hard,1,2,3,None,None,FF,2,3,F,YES,
SP5S2,SP5,S2,Collocated,3,11,Hard,1,2,3,None,None,FF,3,2,F,YES,
SP5S1,SP5,S1,Collocated,3,12,Hard,1,3,4,0:04:13.720000,0,FF,2,3,F,YES,
SP5S2,SP5,S2,Collocated,3,12,Hard,1,3,4,0:04:13.720000,0,FF,3,2,F,YES,
SP6S1,SP6,S1,Collocated ,1,1,Easy,1,0,1,0:01:38.262000,140,FF,3,3,F,YES,
SP6S2,SP6,S2,Collocated ,1,1,Easy,1,0,1,0:01:38.262000,140,FF,5,2,F,YES,
SP6S1,SP6,S1,Collocated ,1,2,Easy,1,1,2,0:01:18.771000,130,FF,3,3,F,YES,
SP6S2,SP6,S2,Collocated ,1,2,Easy,1,1,2,0:01:18.771000,130,FF,5,2,F,YES,
SP6S1,SP6,S1,Collocated ,1,3,Hard,1,2,3,0:04:03.430000,-420,FF,3,3,F,YES,
SP6S2,SP6,S2,Collocated ,1,3,Hard,1,2,3,0:04:03.430000,-420,FF,5,2,F,YES,
SP6S1,SP6,S1,Collocated ,1,4,Hard,1,3,4,0:04:13.893000,0,FF,3,3,F,YES,
SP6S2,SP6,S2,Collocated ,1,4,Hard,1,3,4,0:04:13.893000,0,FF,5,2,F,YES,
SP6S1,SP6,S1,No Gaze,2,5,Easy,2,0,5,0:02:17.477000,280,FF,3,3,F,YES,
SP6S2,SP6,S2,No Gaze,2,5,Easy,2,0,5,0:02:17.477000,280,FF,5,2,F,YES,
SP6S1,SP6,S1,No Gaze,2,6,Easy,2,1,6,0:01:44.153000,240,FF,3,3,F,YES,
SP6S2,SP6,S2,No Gaze,2,6,Easy,2,1,6,0:01:44.153000,240,FF,5,2,F,YES,
SP6S1,SP6,S1,No Gaze,2,7,Hard,2,2,7,0:04:51.785000,10,FF,3,3,F,YES,
SP6S2,SP6,S2,No Gaze,2,7,Hard,2,2,7,0:04:51.785000,10,FF,5,2,F,YES,
SP6S1,SP6,S1,No Gaze,2,8,Hard,2,3,8,0:04:07.148000,0,FF,3,3,F,YES,
SP6S2,SP6,S2,No Gaze,2,8,Hard,2,3,8,0:04:07.148000,0,FF,5,2,F,YES,
SP6S1,SP6,S1,Gaze,3,9,Easy,3,0,9,0:02:01.470000,160,FF,3,3,F,YES,
SP6S2,SP6,S2,Gaze,3,9,Easy,3,0,9,0:02:01.470000,160,FF,5,2,F,YES,
SP6S1,SP6,S1,Gaze,3,10,Easy,3,1,10,0:02:36.301000,190,FF,3,3,F,YES,
SP6S2,SP6,S2,Gaze,3,10,Easy,3,1,10,0:02:36.301000,190,FF,5,2,F,YES,
SP6S1,SP6,S1,Gaze,3,11,Hard,3,2,11,0:04:22.885000,120,FF,3,3,F,YES,
SP6S2,SP6,S2,Gaze,3,11,Hard,3,2,11,0:04:22.885000,120,FF,5,2,F,YES,
SP6S1,SP6,S1,Gaze,3,12,Hard,3,3,12,0:03:43.050000,0,FF,3,3,F,YES,
SP6S2,SP6,S2,Gaze,3,12,Hard,3,3,12,0:03:43.050000,0,FF,5,2,F,YES,
SP7S1,SP7,S1,Collocated ,1,1,Easy,2,0,5,0:02:11.091000,-80,FF,3,2,F,YES,
SP7S2,SP7,S2,Collocated ,1,1,Easy,2,0,5,0:02:11.091000,-80,FF,3,2,F,YES,
SP7S1,SP7,S1,Collocated ,1,2,Easy,2,1,6,0:01:07.724000,160,FF,3,2,F,YES,
SP7S2,SP7,S2,Collocated ,1,2,Easy,2,1,6,0:01:07.724000,160,FF,3,2,F,YES,
SP7S1,SP7,S1,Collocated ,1,3,Hard,2,2,7,0:03:15.510000,-680,FF,3,2,F,YES,
SP7S2,SP7,S2,Collocated ,1,3,Hard,2,2,7,0:03:15.510000,-680,FF,3,2,F,YES,
SP7S1,SP7,S1,Collocated ,1,4,Hard,2,3,8,0:01:54.866000,0,FF,3,2,F,YES,
SP7S2,SP7,S2,Collocated ,1,4,Hard,2,3,8,0:01:54.866000,0,FF,3,2,F,YES,
SP7S1,SP7,S1,Gaze,2,5,Easy,3,0,9,0:02:50.342000,-160,FF,3,2,F,YES,
SP7S2,SP7,S2,Gaze,2,5,Easy,3,0,9,0:02:50.342000,-160,FF,3,2,F,YES,
SP7S1,SP7,S1,Gaze,2,6,Easy,3,1,10,0:02:12.109000,-180,FF,3,2,F,YES,
SP7S2,SP7,S2,Gaze,2,6,Easy,3,1,10,0:02:12.109000,-180,FF,3,2,F,YES,
SP7S1,SP7,S1,Gaze,2,7,Hard,3,2,11,0:03:44.007000,-430,FF,3,2,F,YES,
SP7S2,SP7,S2,Gaze,2,7,Hard,3,2,11,0:03:44.007000,-430,FF,3,2,F,YES,
SP7S1,SP7,S1,Gaze,2,8,Hard,3,3,12,0:02:13.384000,0,FF,3,2,F,YES,
SP7S2,SP7,S2,Gaze,2,8,Hard,3,3,12,0:02:13.384000,0,FF,3,2,F,YES,
SP7S1,SP7,S1,No Gaze,3,9,Easy,1,0,1,0:01:27.274000,0,FF,3,2,F,YES,
SP7S2,SP7,S2,No Gaze,3,9,Easy,1,0,1,0:01:27.274000,0,FF,3,2,F,YES,
SP7S1,SP7,S1,No Gaze,3,10,Easy,1,1,2,0:01:05.818000,40,FF,3,2,F,YES,
SP7S2,SP7,S2,No Gaze,3,10,Easy,1,1,2,0:01:05.818000,40,FF,3,2,F,YES,
SP7S1,SP7,S1,No Gaze,3,11,Hard,1,2,3,0:03:32.879000,-560,FF,3,2,F,YES,
SP7S2,SP7,S2,No Gaze,3,11,Hard,1,2,3,0:03:32.879000,-560,FF,3,2,F,YES,
SP7S1,SP7,S1,No Gaze,3,12,Hard,1,3,4,0:04:17.570000,0,FF,3,2,F,YES,
SP7S2,SP7,S2,No Gaze,3,12,Hard,1,3,4,0:04:17.570000,0,FF,3,2,F,YES,
SP8S1,SP8,S1,Collocated ,1,1,Easy,2,0,5,0:04:17.290000,-970,MF,3,2,M,YES,
SP8S2,SP8,S2,Collocated ,1,1,Easy,2,0,5,0:04:17.290000,-970,MF,2,2,F,YES,
SP8S1,SP8,S1,Collocated ,1,2,Easy,2,1,6,0:01:40.977000,-10,MF,3,2,M,YES,
SP8S2,SP8,S2,Collocated ,1,2,Easy,2,1,6,0:01:40.977000,-10,MF,2,2,F,YES,
SP8S1,SP8,S1,Collocated ,1,3,Hard,2,2,7,0:02:44.868000,-140,MF,3,2,M,YES,
SP8S2,SP8,S2,Collocated ,1,3,Hard,2,2,7,0:02:44.868000,-140,MF,2,2,F,YES,
SP8S1,SP8,S1,Collocated ,1,4,Hard,2,3,8,0:04:18.623000,-310,MF,3,2,M,YES,
SP8S2,SP8,S2,Collocated ,1,4,Hard,2,3,8,0:04:18.623000,-310,MF,2,2,F,YES,
SP8S1,SP8,S1,No Gaze,2,5,Easy,3,0,9,0:02:32.952000,150,MF,3,2,M,YES,
SP8S2,SP8,S2,No Gaze,2,5,Easy,3,0,9,0:02:32.952000,150,MF,2,2,F,YES,
SP8S1,SP8,S1,No Gaze,2,6,Easy,3,1,10,0:02:29.384000,230,MF,3,2,M,YES,
SP8S2,SP8,S2,No Gaze,2,6,Easy,3,1,10,0:02:29.384000,230,MF,2,2,F,YES,
SP8S1,SP8,S1,No Gaze,2,7,Hard,3,2,11,0:07:55.406000,-90,MF,3,2,M,YES,
SP8S2,SP8,S2,No Gaze,2,7,Hard,3,2,11,0:07:55.406000,-90,MF,2,2,F,YES,
SP8S1,SP8,S1,No Gaze,2,8,Hard,3,3,12,0:03:50.417000,10,MF,3,2,M,YES,
SP8S2,SP8,S2,No Gaze,2,8,Hard,3,3,12,0:03:50.417000,10,MF,2,2,F,YES,
SP8S1,SP8,S1,Gaze,3,9,Easy,1,0,1,0:04:16.100000,100,MF,3,2,M,YES,
SP8S2,SP8,S2,Gaze,3,9,Easy,1,0,1,0:04:16.100000,100,MF,2,2,F,YES,
SP8S1,SP8,S1,Gaze,3,10,Easy,1,1,2,0:02:04.945000,190,MF,3,2,M,YES,
SP8S2,SP8,S2,Gaze,3,10,Easy,1,1,2,0:02:04.945000,190,MF,2,2,F,YES,
SP8S1,SP8,S1,Gaze,3,11,Hard,1,2,3,0:05:25.566000,-50,MF,3,2,M,YES,
SP8S2,SP8,S2,Gaze,3,11,Hard,1,2,3,0:05:25.566000,-50,MF,2,2,F,YES,
SP8S1,SP8,S1,Gaze,3,12,Hard,1,3,4,0:05:58.270000,-40,MF,3,2,M,YES,
SP8S2,SP8,S2,Gaze,3,12,Hard,1,3,4,0:05:58.270000,-40,MF,2,2,F,YES,
SP9S1,SP9,S1,Gaze,1,1,Easy,1,0,1,0:03:12.437000,150,FF,2,2,F,YES,
SP9S2,SP9,S2,Gaze,1,1,Easy,1,0,1,0:03:12.437000,150,FF,5,2,F,YES,
SP9S1,SP9,S1,Gaze,1,2,Easy,1,1,2,0:01:47.384000,140,FF,2,2,F,YES,
SP9S2,SP9,S2,Gaze,1,2,Easy,1,1,2,0:01:47.384000,140,FF,5,2,F,YES,
SP9S1,SP9,S1,Gaze,1,3,Hard,1,2,3,0:04:00.285000,10,FF,2,2,F,YES,
SP9S2,SP9,S2,Gaze,1,3,Hard,1,2,3,0:04:00.285000,10,FF,5,2,F,YES,
SP9S1,SP9,S1,Gaze,1,4,Hard,1,3,4,0:07:25.838000,-350,FF,2,2,F,YES,
SP9S2,SP9,S2,Gaze,1,4,Hard,1,3,4,0:07:25.838000,-350,FF,5,2,F,YES,
SP9S1,SP9,S1,Collocated,2,5,Easy,2,0,5,0:01:58.228000,210,FF,2,2,F,YES,
SP9S2,SP9,S2,Collocated,2,5,Easy,2,0,5,0:01:58.228000,210,FF,5,2,F,YES,
SP9S1,SP9,S1,Collocated,2,6,Easy,2,1,6,0:01:15.316000,260,FF,2,2,F,YES,
SP9S2,SP9,S2,Collocated,2,6,Easy,2,1,6,0:01:15.316000,260,FF,5,2,F,YES,
SP9S1,SP9,S1,Collocated,2,7,Hard,2,2,7,0:01:59.470000,190,FF,2,2,F,YES,
SP9S2,SP9,S2,Collocated,2,7,Hard,2,2,7,0:01:59.470000,190,FF,5,2,F,YES,
SP9S1,SP9,S1,Collocated,2,8,Hard,2,3,8,0:01:55.174000,160,FF,2,2,F,YES,
SP9S2,SP9,S2,Collocated,2,8,Hard,2,3,8,0:01:55.174000,160,FF,5,2,F,YES,
SP9S1,SP9,S1,No Gaze,3,9,Easy,3,0,9,0:02:11.851000,190,FF,2,2,F,YES,
SP9S2,SP9,S2,No Gaze,3,9,Easy,3,0,9,0:02:11.851000,190,FF,5,2,F,YES,
SP9S1,SP9,S1,No Gaze,3,10,Easy,3,1,10,0:01:58.704000,160,FF,2,2,F,YES,
SP9S2,SP9,S2,No Gaze,3,10,Easy,3,1,10,0:01:58.704000,160,FF,5,2,F,YES,
SP9S1,SP9,S1,No Gaze,3,11,Hard,3,2,11,0:04:40.487000,-60,FF,2,2,F,YES,
SP9S2,SP9,S2,No Gaze,3,11,Hard,3,2,11,0:04:40.487000,-60,FF,5,2,F,YES,
SP9S1,SP9,S1,No Gaze,3,12,Hard,3,3,12,0:03:02.215000,-40,FF,2,2,F,YES,
SP9S2,SP9,S2,No Gaze,3,12,Hard,3,3,12,0:03:02.215000,-40,FF,5,2,F,YES,
SP10S1,SP10,S1,Gaze,1,1,Easy,3,0,9,0:03:55.476000,-60,FF,3,2,F,YES,
SP10S2,SP10,S2,Gaze,1,1,Easy,3,0,9,0:03:55.476000,-60,FF,3,2,F,YES,
SP10S1,SP10,S1,Gaze,1,2,Easy,3,1,10,0:04:23.654000,-30,FF,3,2,F,YES,
SP10S2,SP10,S2,Gaze,1,2,Easy,3,1,10,0:04:23.654000,-30,FF,3,2,F,YES,
SP10S1,SP10,S1,Gaze,1,3,Hard,3,2,11,None,None,FF,3,2,F,YES,
SP10S2,SP10,S2,Gaze,1,3,Hard,3,2,11,None,None,FF,3,2,F,YES,
SP10S1,SP10,S1,Gaze,1,4,Hard,3,3,12,0:08:23.436000,-80,FF,3,2,F,YES,
SP10S2,SP10,S2,Gaze,1,4,Hard,3,3,12,0:08:23.436000,-80,FF,3,2,F,YES,
SP10S1,SP10,S1,Collocated,2,5,Easy,1,0,1,0:02:27.110000,180,FF,3,2,F,YES,
SP10S2,SP10,S2,Collocated,2,5,Easy,1,0,1,0:02:27.110000,180,FF,3,2,F,YES,
SP10S1,SP10,S1,Collocated,2,6,Easy,1,1,2,0:01:40.155000,260,FF,3,2,F,YES,
SP10S2,SP10,S2,Collocated,2,6,Easy,1,1,2,0:01:40.155000,260,FF,3,2,F,YES,
SP10S1,SP10,S1,Collocated,2,7,Hard,1,2,3,0:06:42.285000,-40,FF,3,2,F,YES,
SP10S2,SP10,S2,Collocated,2,7,Hard,1,2,3,0:06:42.285000,-40,FF,3,2,F,YES,
SP10S1,SP10,S1,Collocated,2,8,Hard,1,3,4,0:05:25.700000,-20,FF,3,2,F,YES,
SP10S2,SP10,S2,Collocated,2,8,Hard,1,3,4,0:05:25.700000,-20,FF,3,2,F,YES,
SP10S1,SP10,S1,No Gaze,3,9,Easy,2,0,5,None,None,FF,3,2,F,YES,
SP10S2,SP10,S2,No Gaze,3,9,Easy,2,0,5,None,None,FF,3,2,F,YES,
SP10S1,SP10,S1,No Gaze,3,10,Easy,2,1,6,None,None,FF,3,2,F,YES,
SP10S2,SP10,S2,No Gaze,3,10,Easy,2,1,6,None,None,FF,3,2,F,YES,
SP10S1,SP10,S1,No Gaze,3,11,Hard,2,2,7,None,None,FF,3,2,F,YES,
SP10S2,SP10,S2,No Gaze,3,11,Hard,2,2,7,None,None,FF,3,2,F,YES,
SP10S1,SP10,S1,No Gaze,3,12,Hard,2,3,8,None,None,FF,3,2,F,YES,
SP10S2,SP10,S2,No Gaze,3,12,Hard,2,3,8,None,None,FF,3,2,F,YES,
SP11S1,SP11,S1,Gaze,1,1,Easy,3,0,9,0:10:37.661000,-1200,FF,2,3,F,NO,
SP11S2,SP11,S2,Gaze,1,1,Easy,3,0,9,0:10:37.661000,-1200,FF,1,3,F,YES,
SP11S1,SP11,S1,Gaze,1,2,Easy,3,1,10,0:07:22.963000,-450,FF,2,3,F,NO,
SP11S2,SP11,S2,Gaze,1,2,Easy,3,1,10,0:07:22.963000,-450,FF,1,3,F,YES,
SP11S1,SP11,S1,Gaze,1,3,Hard,3,2,11,None,None,FF,2,3,F,NO,
SP11S2,SP11,S2,Gaze,1,3,Hard,3,2,11,None,None,FF,1,3,F,YES,
SP11S1,SP11,S1,Gaze,1,4,Hard,3,3,12,None,None,FF,2,3,F,NO,
SP11S2,SP11,S2,Gaze,1,4,Hard,3,3,12,None,None,FF,1,3,F,YES,
SP11S1,SP11,S1,No Gaze,2,5,Easy,1,0,1,None,None,FF,2,3,F,NO,
SP11S2,SP11,S2,No Gaze,2,5,Easy,1,0,1,None,None,FF,1,3,F,YES,
SP11S1,SP11,S1,No Gaze,2,6,Easy,1,1,2,None,None,FF,2,3,F,NO,
SP11S2,SP11,S2,No Gaze,2,6,Easy,1,1,2,None,None,FF,1,3,F,YES,
SP11S1,SP11,S1,No Gaze,2,7,Hard,1,2,3,None,None,FF,2,3,F,NO,
SP11S2,SP11,S2,No Gaze,2,7,Hard,1,2,3,None,None,FF,1,3,F,YES,
SP11S1,SP11,S1,No Gaze,2,8,Hard,1,3,4,None,None,FF,2,3,F,NO,
SP11S2,SP11,S2,No Gaze,2,8,Hard,1,3,4,None,None,FF,1,3,F,YES,
SP11S1,SP11,S1,Collocated,3,9,Easy,2,0,5,None,None,FF,2,3,F,NO,
SP11S2,SP11,S2,Collocated,3,9,Easy,2,0,5,None,None,FF,1,3,F,YES,
SP11S1,SP11,S1,Collocated,3,10,Easy,2,1,6,None,None,FF,2,3,F,NO,
SP11S2,SP11,S2,Collocated,3,10,Easy,2,1,6,None,None,FF,1,3,F,YES,
SP11S1,SP11,S1,Collocated,3,11,Hard,2,2,7,None,None,FF,2,3,F,NO,
SP11S2,SP11,S2,Collocated,3,11,Hard,2,2,7,None,None,FF,1,3,F,YES,
SP11S1,SP11,S1,Collocated,3,12,Hard,2,3,8,None,None,FF,2,3,F,NO,
SP11S2,SP11,S2,Collocated,3,12,Hard,2,3,8,None,None,FF,1,3,F,YES,
SP12S1,SP12,S1,Collocated ,1,1,Easy,1,0,1,0:01:49.292000,60,MF,3,3,M,YES,
SP12S2,SP12,S2,Collocated ,1,1,Easy,1,0,1,0:01:49.292000,60,MF,5,2,F,YES,
SP12S1,SP12,S1,Collocated ,1,2,Easy,1,1,2,0:01:28.952000,120,MF,3,3,M,YES,
SP12S2,SP12,S2,Collocated ,1,2,Easy,1,1,2,0:01:28.952000,120,MF,5,2,F,YES,
SP12S1,SP12,S1,Collocated ,1,3,Hard,1,2,3,0:04:06.621000,-180,MF,3,3,M,YES,
SP12S2,SP12,S2,Collocated ,1,3,Hard,1,2,3,0:04:06.621000,-180,MF,5,2,F,YES,
SP12S1,SP12,S1,Collocated ,1,4,Hard,1,3,4,0:06:13.292000,-520,MF,3,3,M,YES,
SP12S2,SP12,S2,Collocated ,1,4,Hard,1,3,4,0:06:13.292000,-520,MF,5,2,F,YES,
SP12S1,SP12,S1,Gaze,2,5,Easy,2,0,5,0:03:08.527000,40,MF,3,3,M,YES,
SP12S2,SP12,S2,Gaze,2,5,Easy,2,0,5,0:03:08.527000,40,MF,5,2,F,YES,
SP12S1,SP12,S1,Gaze,2,6,Easy,2,1,6,0:02:15.514000,80,MF,3,3,M,YES,
SP12S2,SP12,S2,Gaze,2,6,Easy,2,1,6,0:02:15.514000,80,MF,5,2,F,YES,
SP12S1,SP12,S1,Gaze,2,7,Hard,2,2,7,0:05:24.903000,-130,MF,3,3,M,YES,
SP12S2,SP12,S2,Gaze,2,7,Hard,2,2,7,0:05:24.903000,-130,MF,5,2,F,YES,
SP12S1,SP12,S1,Gaze,2,8,Hard,2,3,8,0:02:26.211000,50,MF,3,3,M,YES,
SP12S2,SP12,S2,Gaze,2,8,Hard,2,3,8,0:02:26.211000,50,MF,5,2,F,YES,
SP12S1,SP12,S1,No Gaze,3,9,Easy,3,0,9,0:01:54.723000,190,MF,3,3,M,YES,
SP12S2,SP12,S2,No Gaze,3,9,Easy,3,0,9,0:01:54.723000,190,MF,5,2,F,YES,
SP12S1,SP12,S1,No Gaze,3,10,Easy,3,1,10,0:03:27.305000,-30,MF,3,3,M,YES,
SP12S2,SP12,S2,No Gaze,3,10,Easy,3,1,10,0:03:27.305000,-30,MF,5,2,F,YES,
SP12S1,SP12,S1,No Gaze,3,11,Hard,3,2,11,0:03:59.457000,20,MF,3,3,M,YES,
SP12S2,SP12,S2,No Gaze,3,11,Hard,3,2,11,0:03:59.457000,20,MF,5,2,F,YES,
SP12S1,SP12,S1,No Gaze,3,12,Hard,3,3,12,0:02:37.614000,-80,MF,3,3,M,YES,
SP12S2,SP12,S2,No Gaze,3,12,Hard,3,3,12,0:02:37.614000,-80,MF,5,2,F,YES,
SP13S1,SP13,S1,Gaze,1,1,Easy,1,0,1,0:03:31.916000,110,,,,,,
SP13S2,SP13,S2,Gaze,1,1,Easy,1,0,1,0:03:31.916000,110,,,,,,
SP13S1,SP13,S1,Gaze,1,2,Easy,1,1,2,0:02:47.705000,120,,,,,,
SP13S2,SP13,S2,Gaze,1,2,Easy,1,1,2,0:02:47.705000,120,,,,,,
SP13S1,SP13,S1,Gaze,1,3,Hard,1,2,3,0:06:17.740000,-440,,,,,,
SP13S2,SP13,S2,Gaze,1,3,Hard,1,2,3,0:06:17.740000,-440,,,,,,
SP13S1,SP13,S1,Gaze,1,4,Hard,1,3,4,0:02:38.531000,160,,,,,,
SP13S2,SP13,S2,Gaze,1,4,Hard,1,3,4,0:02:38.531000,160,,,,,,
SP13S1,SP13,S1,No Gaze,2,5,Easy,2,0,5,0:02:05.651000,200,,,,,,
SP13S2,SP13,S2,No Gaze,2,5,Easy,2,0,5,0:02:05.651000,200,,,,,,
SP13S1,SP13,S1,No Gaze,2,6,Easy,2,1,6,0:02:06.490000,10,,,,,,
SP13S2,SP13,S2,No Gaze,2,6,Easy,2,1,6,0:02:06.490000,10,,,,,,
SP13S1,SP13,S1,No Gaze,2,7,Hard,2,2,7,0:04:21.166000,-30,,,,,,
SP13S2,SP13,S2,No Gaze,2,7,Hard,2,2,7,0:04:21.166000,-30,,,,,,
SP13S1,SP13,S1,No Gaze,2,8,Hard,2,3,8,0:02:34.877000,150,,,,,,
SP13S2,SP13,S2,No Gaze,2,8,Hard,2,3,8,0:02:34.877000,150,,,,,,
SP13S1,SP13,S1,Collocated,3,9,Easy,3,0,9,0:01:56.851000,200,,,,,,
SP13S2,SP13,S2,Collocated,3,9,Easy,3,0,9,0:01:56.851000,200,,,,,,
SP13S1,SP13,S1,Collocated,3,10,Easy,3,1,10,0:02:05.831000,160,,,,,,
SP13S2,SP13,S2,Collocated,3,10,Easy,3,1,10,0:02:05.831000,160,,,,,,
SP13S1,SP13,S1,Collocated,3,11,Hard,3,2,11,0:02:37.015000,180,,,,,,
SP13S2,SP13,S2,Collocated,3,11,Hard,3,2,11,0:02:37.015000,180,,,,,,
SP13S1,SP13,S1,Collocated,3,12,Hard,3,3,12,0:02:21.131000,180,,,,,,
SP13S2,SP13,S2,Collocated,3,12,Hard,3,3,12,0:02:21.131000,180,,,,,,
SP14S1,SP14,S1,No Gaze,1,1,Easy,2,0,5,0:04:13.084000,-200,,,,,,
SP14S2,SP14,S2,No Gaze,1,1,Easy,2,0,5,0:04:13.084000,-200,,,,,,
SP14S1,SP14,S1,No Gaze,1,2,Easy,2,1,6,0:02:29.013000,-50,,,,,,
SP14S2,SP14,S2,No Gaze,1,2,Easy,2,1,6,0:02:29.013000,-50,,,,,,
SP14S1,SP14,S1,No Gaze,1,3,Hard,2,2,7,0:04:39.767000,-470,,,,,,
SP14S2,SP14,S2,No Gaze,1,3,Hard,2,2,7,0:04:39.767000,-470,,,,,,
SP14S1,SP14,S1,No Gaze,1,4,Hard,2,3,8,0:02:24.492000,-30,,,,,,
SP14S2,SP14,S2,No Gaze,1,4,Hard,2,3,8,0:02:24.492000,-30,,,,,,
SP14S1,SP14,S1,Gaze,2,5,Easy,3,0,9,0:02:15.054000,100,,,,,,
SP14S2,SP14,S2,Gaze,2,5,Easy,3,0,9,0:02:15.054000,100,,,,,,
SP14S1,SP14,S1,Gaze,2,6,Easy,3,1,10,0:03:03.723000,-120,,,,,,
SP14S2,SP14,S2,Gaze,2,6,Easy,3,1,10,0:03:03.723000,-120,,,,,,
SP14S1,SP14,S1,Gaze,2,7,Hard,3,2,11,0:04:39.401000,-470,,,,,,
SP14S2,SP14,S2,Gaze,2,7,Hard,3,2,11,0:04:39.401000,-470,,,,,,
SP14S1,SP14,S1,Gaze,2,8,Hard,3,3,12,0:03:15.766000,-110,,,,,,
SP14S2,SP14,S2,Gaze,2,8,Hard,3,3,12,0:03:15.766000,-110,,,,,,
SP14S1,SP14,S1,Collocated,3,9,Easy,1,0,1,0:02:34.695000,20,,,,,,
SP14S2,SP14,S2,Collocated,3,9,Easy,1,0,1,0:02:34.695000,20,,,,,,
SP14S1,SP14,S1,Collocated,3,10,Easy,1,1,2,0:01:24.165000,160,,,,,,
SP14S2,SP14,S2,Collocated,3,10,Easy,1,1,2,0:01:24.165000,160,,,,,,
SP14S1,SP14,S1,Collocated,3,11,Hard,1,2,3,0:02:31.351000,40,,,,,,
SP14S2,SP14,S2,Collocated,3,11,Hard,1,2,3,0:02:31.351000,40,,,,,,
SP14S1,SP14,S1,Collocated,3,12,Hard,1,3,4,0:04:56.004000,-480,,,,,,
SP14S2,SP14,S2,Collocated,3,12,Hard,1,3,4,0:04:56.004000,-480,,,,,,
SP15S1,SP15,S1,No Gaze,1,1,Easy,2,0,5,None,None,,,,,,
SP15S2,SP15,S2,No Gaze,1,1,Easy,2,0,5,None,None,,,,,,
SP15S1,SP15,S1,No Gaze,1,2,Easy,2,1,6,None,None,,,,,,
SP15S2,SP15,S2,No Gaze,1,2,Easy,2,1,6,None,None,,,,,,
SP15S1,SP15,S1,No Gaze,1,3,Hard,2,2,7,None,None,,,,,,
SP15S2,SP15,S2,No Gaze,1,3,Hard,2,2,7,None,None,,,,,,
SP15S1,SP15,S1,No Gaze,1,4,Hard,2,3,8,None,None,,,,,,
SP15S2,SP15,S2,No Gaze,1,4,Hard,2,3,8,None,None,,,,,,
SP15S1,SP15,S1,Collocated,2,5,Easy,3,0,9,None,None,,,,,,
SP15S2,SP15,S2,Collocated,2,5,Easy,3,0,9,None,None,,,,,,
SP15S1,SP15,S1,Collocated,2,6,Easy,3,1,10,None,None,,,,,,
SP15S2,SP15,S2,Collocated,2,6,Easy,3,1,10,None,None,,,,,,
SP15S1,SP15,S1,Collocated,2,7,Hard,3,2,11,None,None,,,,,,
SP15S2,SP15,S2,Collocated,2,7,Hard,3,2,11,None,None,,,,,,
SP15S1,SP15,S1,Collocated,2,8,Hard,3,3,12,None,None,,,,,,
SP15S2,SP15,S2,Collocated,2,8,Hard,3,3,12,None,None,,,,,,
SP15S1,SP15,S1,Gaze,3,9,Easy,1,0,1,None,None,,,,,,
SP15S2,SP15,S2,Gaze,3,9,Easy,1,0,1,None,None,,,,,,
SP15S1,SP15,S1,Gaze,3,10,Easy,1,1,2,None,None,,,,,,
SP15S2,SP15,S2,Gaze,3,10,Easy,1,1,2,None,None,,,,,,
SP15S1,SP15,S1,Gaze,3,11,Hard,1,2,3,None,None,,,,,,
SP15S2,SP15,S2,Gaze,3,11,Hard,1,2,3,None,None,,,,,,
SP15S1,SP15,S1,Gaze,3,12,Hard,1,3,4,None,None,,,,,,
SP15S2,SP15,S2,Gaze,3,12,Hard,1,3,4,None,None,,,,,,
SP16S1,SP16,S1,Gaze,1,1,Easy,2,0,5,None,None,,,,,,
SP16S2,SP16,S2,Gaze,1,1,Easy,2,0,5,None,None,,,,,,
SP16S1,SP16,S1,Gaze,1,2,Easy,2,1,6,None,None,,,,,,
SP16S2,SP16,S2,Gaze,1,2,Easy,2,1,6,None,None,,,,,,
SP16S1,SP16,S1,Gaze,1,3,Hard,2,2,7,None,None,,,,,,
SP16S2,SP16,S2,Gaze,1,3,Hard,2,2,7,None,None,,,,,,
SP16S1,SP16,S1,Gaze,1,4,Hard,2,3,8,None,None,,,,,,
SP16S2,SP16,S2,Gaze,1,4,Hard,2,3,8,None,None,,,,,,
SP16S1,SP16,S1,Collocated,2,5,Easy,3,0,9,None,None,,,,,,
SP16S2,SP16,S2,Collocated,2,5,Easy,3,0,9,None,None,,,,,,
SP16S1,SP16,S1,Collocated,2,6,Easy,3,1,10,None,None,,,,,,
SP16S2,SP16,S2,Collocated,2,6,Easy,3,1,10,None,None,,,,,,
SP16S1,SP16,S1,Collocated,2,7,Hard,3,2,11,None,None,,,,,,
SP16S2,SP16,S2,Collocated,2,7,Hard,3,2,11,None,None,,,,,,
SP16S1,SP16,S1,Collocated,2,8,Hard,3,3,12,None,None,,,,,,
SP16S2,SP16,S2,Collocated,2,8,Hard,3,3,12,None,None,,,,,,
SP16S1,SP16,S1,No Gaze,3,9,Easy,1,0,1,None,None,,,,,,
SP16S2,SP16,S2,No Gaze,3,9,Easy,1,0,1,None,None,,,,,,
SP16S1,SP16,S1,No Gaze,3,10,Easy,1,1,2,None,None,,,,,,
SP16S2,SP16,S2,No Gaze,3,10,Easy,1,1,2,None,None,,,,,,
SP16S1,SP16,S1,No Gaze,3,11,Hard,1,2,3,None,None,,,,,,
SP16S2,SP16,S2,No Gaze,3,11,Hard,1,2,3,None,None,,,,,,
SP16S1,SP16,S1,No Gaze,3,12,Hard,1,3,4,None,None,,,,,,
SP16S2,SP16,S2,No Gaze,3,12,Hard,1,3,4,None,None,,,,,,
SP17S1,SP17,S1,No Gaze,1,1,Easy,3,0,9,None,None,,,,,,
SP17S2,SP17,S2,No Gaze,1,1,Easy,3,0,9,None,None,,,,,,
SP17S1,SP17,S1,No Gaze,1,2,Easy,3,1,10,None,None,,,,,,
SP17S2,SP17,S2,No Gaze,1,2,Easy,3,1,10,None,None,,,,,,
SP17S1,SP17,S1,No Gaze,1,3,Hard,3,2,11,None,None,,,,,,
SP17S2,SP17,S2,No Gaze,1,3,Hard,3,2,11,None,None,,,,,,
SP17S1,SP17,S1,No Gaze,1,4,Hard,3,3,12,None,None,,,,,,
SP17S2,SP17,S2,No Gaze,1,4,Hard,3,3,12,None,None,,,,,,
SP17S1,SP17,S1,Collocated,2,5,Easy,1,0,1,None,None,,,,,,
SP17S2,SP17,S2,Collocated,2,5,Easy,1,0,1,None,None,,,,,,
SP17S1,SP17,S1,Collocated,2,6,Easy,1,1,2,None,None,,,,,,
SP17S2,SP17,S2,Collocated,2,6,Easy,1,1,2,None,None,,,,,,
SP17S1,SP17,S1,Collocated,2,7,Hard,1,2,3,None,None,,,,,,
SP17S2,SP17,S2,Collocated,2,7,Hard,1,2,3,None,None,,,,,,
SP17S1,SP17,S1,Collocated,2,8,Hard,1,3,4,None,None,,,,,,
SP17S2,SP17,S2,Collocated,2,8,Hard,1,3,4,None,None,,,,,,
SP17S1,SP17,S1,Gaze,3,9,Easy,2,0,5,None,None,,,,,,
SP17S2,SP17,S2,Gaze,3,9,Easy,2,0,5,None,None,,,,,,
SP17S1,SP17,S1,Gaze,3,10,Easy,2,1,6,None,None,,,,,,
SP17S2,SP17,S2,Gaze,3,10,Easy,2,1,6,None,None,,,,,,
SP17S1,SP17,S1,Gaze,3,11,Hard,2,2,7,None,None,,,,,,
SP17S2,SP17,S2,Gaze,3,11,Hard,2,2,7,None,None,,,,,,
SP17S1,SP17,S1,Gaze,3,12,Hard,2,3,8,None,None,,,,,,
SP17S2,SP17,S2,Gaze,3,12,Hard,2,3,8,None,None,,,,,,
SP18S1,SP18,S1,Collocated ,1,1,Easy,3,0,9,None,None,,,,,,
SP18S2,SP18,S2,Collocated ,1,1,Easy,3,0,9,None,None,,,,,,
SP18S1,SP18,S1,Collocated ,1,2,Easy,3,1,10,None,None,,,,,,
SP18S2,SP18,S2,Collocated ,1,2,Easy,3,1,10,None,None,,,,,,
SP18S1,SP18,S1,Collocated ,1,3,Hard,3,2,11,None,None,,,,,,
SP18S2,SP18,S2,Collocated ,1,3,Hard,3,2,11,None,None,,,,,,
SP18S1,SP18,S1,Collocated ,1,4,Hard,3,3,12,None,None,,,,,,
SP18S2,SP18,S2,Collocated ,1,4,Hard,3,3,12,None,None,,,,,,
SP18S1,SP18,S1,No Gaze,2,5,Easy,1,0,1,None,None,,,,,,
SP18S2,SP18,S2,No Gaze,2,5,Easy,1,0,1,None,None,,,,,,
SP18S1,SP18,S1,No Gaze,2,6,Easy,1,1,2,None,None,,,,,,
SP18S2,SP18,S2,No Gaze,2,6,Easy,1,1,2,None,None,,,,,,
SP18S1,SP18,S1,No Gaze,2,7,Hard,1,2,3,None,None,,,,,,
SP18S2,SP18,S2,No Gaze,2,7,Hard,1,2,3,None,None,,,,,,
SP18S1,SP18,S1,No Gaze,2,8,Hard,1,3,4,None,None,,,,,,
SP18S2,SP18,S2,No Gaze,2,8,Hard,1,3,4,None,None,,,,,,
SP18S1,SP18,S1,Gaze,3,9,Easy,2,0,5,None,None,,,,,,
SP18S2,SP18,S2,Gaze,3,9,Easy,2,0,5,None,None,,,,,,
SP18S1,SP18,S1,Gaze,3,10,Easy,2,1,6,None,None,,,,,,
SP18S2,SP18,S2,Gaze,3,10,Easy,2,1,6,None,None,,,,,,
SP18S1,SP18,S1,Gaze,3,11,Hard,2,2,7,None,None,,,,,,
SP18S2,SP18,S2,Gaze,3,11,Hard,2,2,7,None,None,,,,,,
SP18S1,SP18,S1,Gaze,3,12,Hard,2,3,8,None,None,,,,,,
SP18S2,SP18,S2,Gaze,3,12,Hard,2,3,8,None,None,,,,,,
