Test at 4/9/2015 4:00:04 PM,

Client Num:, 10000, X: ,50, Y: ,336,Time: ,2015-04-09 16:01:27.819
Client Num:, 10000, X: ,47, Y: ,338,Time: ,2015-04-09 16:01:27.919
Client Num:, 10000, X: ,47, Y: ,336,Time: ,2015-04-09 16:01:28.018
Client Num:, 10000, X: ,51, Y: ,339,Time: ,2015-04-09 16:01:28.118
Client Num:, 10000, X: ,180, Y: ,553,Time: ,2015-04-09 16:01:28.218
Client Num:, 10000, X: ,184, Y: ,563,Time: ,2015-04-09 16:01:28.318
Client Num:, 10000, X: ,191, Y: ,558,Time: ,2015-04-09 16:01:28.418
Client Num:, 10000, X: ,195, Y: ,556,Time: ,2015-04-09 16:01:28.518
Client Num:, 10000, X: ,198, Y: ,553,Time: ,2015-04-09 16:01:28.618
Client Num:, 10000, X: ,200, Y: ,551,Time: ,2015-04-09 16:01:28.718
Client Num:, 10000, X: ,189, Y: ,547,Time: ,2015-04-09 16:01:28.818
Client Num:, 10000, X: ,178, Y: ,541,Time: ,2015-04-09 16:01:28.918
Client Num:, 10000, X: ,177, Y: ,541,Time: ,2015-04-09 16:01:29.017
Client Num:, 10000, X: ,181, Y: ,539,Time: ,2015-04-09 16:01:29.117
Client Num:, 10000, X: ,184, Y: ,537,Time: ,2015-04-09 16:01:29.217
Client Num:, 10000, X: ,189, Y: ,535,Time: ,2015-04-09 16:01:29.318
Client Num:, 10000, X: ,190, Y: ,537,Time: ,2015-04-09 16:01:29.417
Client Num:, 10000, X: ,191, Y: ,541,Time: ,2015-04-09 16:01:29.517
Client Num:, 10000, X: ,193, Y: ,544,Time: ,2015-04-09 16:01:29.617
Client Num:, 10000, X: ,195, Y: ,551,Time: ,2015-04-09 16:01:29.717
Client Num:, 10000, X: ,201, Y: ,557,Time: ,2015-04-09 16:01:29.818
Client Num:, 10000, X: ,206, Y: ,562,Time: ,2015-04-09 16:01:29.917
Client Num:, 10000, X: ,212, Y: ,561,Time: ,2015-04-09 16:01:30.017
Client Num:, 10000, X: ,214, Y: ,563,Time: ,2015-04-09 16:01:30.117
Client Num:, 10000, X: ,213, Y: ,568,Time: ,2015-04-09 16:01:30.217
Client Num:, 10000, X: ,212, Y: ,571,Time: ,2015-04-09 16:01:30.317
Client Num:, 10000, X: ,211, Y: ,573,Time: ,2015-04-09 16:01:30.417
Client Num:, 10000, X: ,210, Y: ,582,Time: ,2015-04-09 16:01:30.517
Client Num:, 10000, X: ,212, Y: ,585,Time: ,2015-04-09 16:01:30.617
Client Num:, 10000, X: ,219, Y: ,591,Time: ,2015-04-09 16:01:30.717
Client Num:, 10000, X: ,223, Y: ,595,Time: ,2015-04-09 16:01:30.816
Client Num:, 10000, X: ,227, Y: ,596,Time: ,2015-04-09 16:01:30.916
Client Num:, 10000, X: ,228, Y: ,599,Time: ,2015-04-09 16:01:31.016
Client Num:, 10000, X: ,229, Y: ,599,Time: ,2015-04-09 16:01:31.116
Client Num:, 10000, X: ,229, Y: ,605,Time: ,2015-04-09 16:01:31.217
Client Num:, 10000, X: ,236, Y: ,599,Time: ,2015-04-09 16:01:31.317
Client Num:, 10000, X: ,240, Y: ,591,Time: ,2015-04-09 16:01:31.417
Client Num:, 10000, X: ,248, Y: ,582,Time: ,2015-04-09 16:01:31.517
Client Num:, 10000, X: ,253, Y: ,574,Time: ,2015-04-09 16:01:31.617
Client Num:, 10000, X: ,258, Y: ,575,Time: ,2015-04-09 16:01:31.717
Client Num:, 10000, X: ,260, Y: ,581,Time: ,2015-04-09 16:01:31.816
Client Num:, 10000, X: ,259, Y: ,587,Time: ,2015-04-09 16:01:31.916
Client Num:, 10000, X: ,256, Y: ,591,Time: ,2015-04-09 16:01:32.016
Client Num:, 10000, X: ,247, Y: ,596,Time: ,2015-04-09 16:01:32.116
Client Num:, 10000, X: ,239, Y: ,598,Time: ,2015-04-09 16:01:32.216
Client Num:, 10000, X: ,231, Y: ,600,Time: ,2015-04-09 16:01:32.316
Client Num:, 10000, X: ,221, Y: ,601,Time: ,2015-04-09 16:01:32.416
Client Num:, 10000, X: ,213, Y: ,604,Time: ,2015-04-09 16:01:32.516
Client Num:, 10000, X: ,211, Y: ,609,Time: ,2015-04-09 16:01:32.615
Client Num:, 10000, X: ,210, Y: ,612,Time: ,2015-04-09 16:01:32.716
Client Num:, 10000, X: ,210, Y: ,611,Time: ,2015-04-09 16:01:32.816
Client Num:, 10000, X: ,212, Y: ,611,Time: ,2015-04-09 16:01:32.916
Client Num:, 10000, X: ,216, Y: ,610,Time: ,2015-04-09 16:01:33.016
Client Num:, 10000, X: ,217, Y: ,610,Time: ,2015-04-09 16:01:33.115
Client Num:, 10000, X: ,215, Y: ,605,Time: ,2015-04-09 16:01:33.215
Client Num:, 10000, X: ,210, Y: ,609,Time: ,2015-04-09 16:01:33.316
Client Num:, 10000, X: ,210, Y: ,606,Time: ,2015-04-09 16:01:33.415
Client Num:, 10000, X: ,212, Y: ,596,Time: ,2015-04-09 16:01:33.515
Client Num:, 10000, X: ,214, Y: ,588,Time: ,2015-04-09 16:01:33.615
Client Num:, 10000, X: ,213, Y: ,586,Time: ,2015-04-09 16:01:33.715
Client Num:, 10000, X: ,213, Y: ,584,Time: ,2015-04-09 16:01:33.815
Client Num:, 10000, X: ,212, Y: ,586,Time: ,2015-04-09 16:01:33.915
Client Num:, 10000, X: ,208, Y: ,587,Time: ,2015-04-09 16:01:34.015
Client Num:, 10000, X: ,207, Y: ,590,Time: ,2015-04-09 16:01:34.115
Client Num:, 10000, X: ,203, Y: ,596,Time: ,2015-04-09 16:01:34.215
Client Num:, 10000, X: ,197, Y: ,601,Time: ,2015-04-09 16:01:34.315
Client Num:, 10000, X: ,192, Y: ,607,Time: ,2015-04-09 16:01:34.415
Client Num:, 10000, X: ,186, Y: ,611,Time: ,2015-04-09 16:01:34.514
Client Num:, 10000, X: ,180, Y: ,613,Time: ,2015-04-09 16:01:34.615
Client Num:, 10000, X: ,176, Y: ,614,Time: ,2015-04-09 16:01:34.715
Client Num:, 10000, X: ,173, Y: ,617,Time: ,2015-04-09 16:01:34.816
Client Num:, 10000, X: ,128, Y: ,1129,Time: ,2015-04-09 16:01:34.914
Client Num:, 10000, X: ,174, Y: ,1086,Time: ,2015-04-09 16:01:35.015
Client Num:, 10000, X: ,178, Y: ,1057,Time: ,2015-04-09 16:01:35.115
Client Num:, 10000, X: ,205, Y: ,419,Time: ,2015-04-09 16:01:35.214
Client Num:, 10000, X: ,206, Y: ,395,Time: ,2015-04-09 16:01:35.314
Client Num:, 10000, X: ,149, Y: ,229,Time: ,2015-04-09 16:01:35.414
Client Num:, 10000, X: ,131, Y: ,204,Time: ,2015-04-09 16:01:35.514
Client Num:, 10000, X: ,129, Y: ,196,Time: ,2015-04-09 16:01:35.615
Client Num:, 10000, X: ,136, Y: ,216,Time: ,2015-04-09 16:01:35.714
Client Num:, 10000, X: ,131, Y: ,221,Time: ,2015-04-09 16:01:35.814
Client Num:, 10000, X: ,135, Y: ,221,Time: ,2015-04-09 16:01:35.914
Client Num:, 10000, X: ,137, Y: ,225,Time: ,2015-04-09 16:01:36.014
Client Num:, 10000, X: ,137, Y: ,226,Time: ,2015-04-09 16:01:36.114
Client Num:, 10000, X: ,141, Y: ,226,Time: ,2015-04-09 16:01:36.214
Client Num:, 10000, X: ,394, Y: ,208,Time: ,2015-04-09 16:01:36.314
Client Num:, 10000, X: ,393, Y: ,210,Time: ,2015-04-09 16:01:36.414
Client Num:, 10000, X: ,364, Y: ,763,Time: ,2015-04-09 16:01:36.513
Client Num:, 10000, X: ,358, Y: ,753,Time: ,2015-04-09 16:01:36.614
Client Num:, 10000, X: ,361, Y: ,750,Time: ,2015-04-09 16:01:36.714
Client Num:, 10000, X: ,355, Y: ,757,Time: ,2015-04-09 16:01:36.814
Client Num:, 10000, X: ,355, Y: ,751,Time: ,2015-04-09 16:01:36.913
Client Num:, 10000, X: ,357, Y: ,754,Time: ,2015-04-09 16:01:37.014
Client Num:, 10000, X: ,363, Y: ,759,Time: ,2015-04-09 16:01:37.113
Client Num:, 10000, X: ,365, Y: ,766,Time: ,2015-04-09 16:01:37.213
Client Num:, 10000, X: ,368, Y: ,767,Time: ,2015-04-09 16:01:37.313
Client Num:, 10000, X: ,483, Y: ,552,Time: ,2015-04-09 16:01:37.413
Client Num:, 10000, X: ,501, Y: ,561,Time: ,2015-04-09 16:01:37.513
Client Num:, 10000, X: ,397, Y: ,682,Time: ,2015-04-09 16:01:37.613
Client Num:, 10000, X: ,461, Y: ,632,Time: ,2015-04-09 16:01:37.713
Client Num:, 10000, X: ,407, Y: ,727,Time: ,2015-04-09 16:01:37.813
Client Num:, 10000, X: ,408, Y: ,718,Time: ,2015-04-09 16:01:37.913
Client Num:, 10000, X: ,404, Y: ,719,Time: ,2015-04-09 16:01:38.012
Client Num:, 10000, X: ,401, Y: ,727,Time: ,2015-04-09 16:01:38.113
Client Num:, 10000, X: ,398, Y: ,732,Time: ,2015-04-09 16:01:38.213
Client Num:, 10000, X: ,397, Y: ,733,Time: ,2015-04-09 16:01:38.312
Client Num:, 10000, X: ,395, Y: ,734,Time: ,2015-04-09 16:01:38.413
Client Num:, 10000, X: ,392, Y: ,736,Time: ,2015-04-09 16:01:38.513
Client Num:, 10000, X: ,296, Y: ,191,Time: ,2015-04-09 16:01:38.613
Client Num:, 10000, X: ,295, Y: ,183,Time: ,2015-04-09 16:01:38.713
Client Num:, 10000, X: ,276, Y: ,191,Time: ,2015-04-09 16:01:38.812
Client Num:, 10000, X: ,292, Y: ,185,Time: ,2015-04-09 16:01:38.912
Client Num:, 10000, X: ,290, Y: ,188,Time: ,2015-04-09 16:01:39.012
Client Num:, 10000, X: ,282, Y: ,202,Time: ,2015-04-09 16:01:39.113
Client Num:, 10000, X: ,278, Y: ,202,Time: ,2015-04-09 16:01:39.212
Client Num:, 10000, X: ,273, Y: ,207,Time: ,2015-04-09 16:01:39.312
Client Num:, 10000, X: ,271, Y: ,209,Time: ,2015-04-09 16:01:39.412
Client Num:, 10000, X: ,270, Y: ,212,Time: ,2015-04-09 16:01:39.512
Client Num:, 10000, X: ,270, Y: ,219,Time: ,2015-04-09 16:01:39.612
Client Num:, 10000, X: ,271, Y: ,225,Time: ,2015-04-09 16:01:39.712
Client Num:, 10000, X: ,270, Y: ,229,Time: ,2015-04-09 16:01:39.813
Client Num:, 10000, X: ,272, Y: ,234,Time: ,2015-04-09 16:01:39.912
Client Num:, 10000, X: ,269, Y: ,236,Time: ,2015-04-09 16:01:40.013
Client Num:, 10000, X: ,266, Y: ,237,Time: ,2015-04-09 16:01:40.112
Client Num:, 10000, X: ,262, Y: ,242,Time: ,2015-04-09 16:01:40.211
Client Num:, 10000, X: ,250, Y: ,240,Time: ,2015-04-09 16:01:40.312
Client Num:, 10000, X: ,240, Y: ,240,Time: ,2015-04-09 16:01:40.412
Client Num:, 10000, X: ,230, Y: ,238,Time: ,2015-04-09 16:01:40.512
Client Num:, 10000, X: ,220, Y: ,232,Time: ,2015-04-09 16:01:40.612
Client Num:, 10000, X: ,216, Y: ,232,Time: ,2015-04-09 16:01:40.711
Client Num:, 10000, X: ,210, Y: ,231,Time: ,2015-04-09 16:01:40.812
Client Num:, 10000, X: ,207, Y: ,233,Time: ,2015-04-09 16:01:40.912
Client Num:, 10000, X: ,204, Y: ,233,Time: ,2015-04-09 16:01:41.013
Client Num:, 10000, X: ,199, Y: ,233,Time: ,2015-04-09 16:01:41.111
Client Num:, 10000, X: ,198, Y: ,233,Time: ,2015-04-09 16:01:41.212
Client Num:, 10000, X: ,181, Y: ,234,Time: ,2015-04-09 16:01:41.311
Client Num:, 10000, X: ,161, Y: ,234,Time: ,2015-04-09 16:01:41.411
Client Num:, 10000, X: ,145, Y: ,234,Time: ,2015-04-09 16:01:41.511
Client Num:, 10000, X: ,130, Y: ,234,Time: ,2015-04-09 16:01:41.611
Client Num:, 10000, X: ,119, Y: ,232,Time: ,2015-04-09 16:01:41.711
Client Num:, 10000, X: ,114, Y: ,234,Time: ,2015-04-09 16:01:41.812
Client Num:, 10000, X: ,111, Y: ,233,Time: ,2015-04-09 16:01:41.911
Client Num:, 10000, X: ,108, Y: ,232,Time: ,2015-04-09 16:01:42.011
Client Num:, 10000, X: ,116, Y: ,240,Time: ,2015-04-09 16:01:42.110
Client Num:, 10000, X: ,216, Y: ,347,Time: ,2015-04-09 16:01:42.211
Client Num:, 10000, X: ,209, Y: ,365,Time: ,2015-04-09 16:01:42.310
Client Num:, 10000, X: ,208, Y: ,362,Time: ,2015-04-09 16:01:42.410
Client Num:, 10000, X: ,214, Y: ,361,Time: ,2015-04-09 16:01:42.510
Client Num:, 10000, X: ,214, Y: ,359,Time: ,2015-04-09 16:01:42.610
Client Num:, 10000, X: ,212, Y: ,365,Time: ,2015-04-09 16:01:42.711
Client Num:, 10000, X: ,211, Y: ,370,Time: ,2015-04-09 16:01:42.810
Client Num:, 10000, X: ,218, Y: ,392,Time: ,2015-04-09 16:01:42.910
Client Num:, 10000, X: ,225, Y: ,413,Time: ,2015-04-09 16:01:43.010
Client Num:, 10000, X: ,233, Y: ,431,Time: ,2015-04-09 16:01:43.110
Client Num:, 10000, X: ,239, Y: ,448,Time: ,2015-04-09 16:01:43.210
Client Num:, 10000, X: ,242, Y: ,460,Time: ,2015-04-09 16:01:43.310
Client Num:, 10000, X: ,243, Y: ,461,Time: ,2015-04-09 16:01:43.410
Client Num:, 10000, X: ,244, Y: ,462,Time: ,2015-04-09 16:01:43.510
Client Num:, 10000, X: ,242, Y: ,462,Time: ,2015-04-09 16:01:43.610
Client Num:, 10000, X: ,117, Y: ,562,Time: ,2015-04-09 16:01:43.710
Client Num:, 10000, X: ,125, Y: ,547,Time: ,2015-04-09 16:01:43.809
Client Num:, 10000, X: ,123, Y: ,554,Time: ,2015-04-09 16:01:43.910
Client Num:, 10000, X: ,125, Y: ,551,Time: ,2015-04-09 16:01:44.010
Client Num:, 10000, X: ,126, Y: ,547,Time: ,2015-04-09 16:01:44.110
Client Num:, 10000, X: ,326, Y: ,506,Time: ,2015-04-09 16:01:44.209
Client Num:, 10000, X: ,321, Y: ,515,Time: ,2015-04-09 16:01:44.309
Client Num:, 10000, X: ,323, Y: ,500,Time: ,2015-04-09 16:01:44.409
Client Num:, 10000, X: ,323, Y: ,495,Time: ,2015-04-09 16:01:44.509
Client Num:, 10000, X: ,326, Y: ,484,Time: ,2015-04-09 16:01:44.610
Client Num:, 10000, X: ,324, Y: ,469,Time: ,2015-04-09 16:01:44.710
Client Num:, 10000, X: ,323, Y: ,467,Time: ,2015-04-09 16:01:44.810
Client Num:, 10000, X: ,321, Y: ,445,Time: ,2015-04-09 16:01:44.910
Client Num:, 10000, X: ,320, Y: ,429,Time: ,2015-04-09 16:01:45.009
Client Num:, 10000, X: ,322, Y: ,416,Time: ,2015-04-09 16:01:45.109
Client Num:, 10000, X: ,323, Y: ,404,Time: ,2015-04-09 16:01:45.209
Client Num:, 10000, X: ,326, Y: ,394,Time: ,2015-04-09 16:01:45.309
Client Num:, 10000, X: ,328, Y: ,388,Time: ,2015-04-09 16:01:45.409
Client Num:, 10000, X: ,327, Y: ,383,Time: ,2015-04-09 16:01:45.509
Client Num:, 10000, X: ,328, Y: ,380,Time: ,2015-04-09 16:01:45.609
Client Num:, 10000, X: ,327, Y: ,378,Time: ,2015-04-09 16:01:45.709
Client Num:, 10000, X: ,329, Y: ,374,Time: ,2015-04-09 16:01:45.809
Client Num:, 10000, X: ,329, Y: ,368,Time: ,2015-04-09 16:01:45.908
Client Num:, 10000, X: ,329, Y: ,366,Time: ,2015-04-09 16:01:46.008
Client Num:, 10000, X: ,328, Y: ,361,Time: ,2015-04-09 16:01:46.108
Client Num:, 10000, X: ,331, Y: ,360,Time: ,2015-04-09 16:01:46.209
Client Num:, 10000, X: ,332, Y: ,366,Time: ,2015-04-09 16:01:46.308
Client Num:, 10000, X: ,330, Y: ,371,Time: ,2015-04-09 16:01:46.409
Client Num:, 10000, X: ,332, Y: ,379,Time: ,2015-04-09 16:01:46.508
Client Num:, 10000, X: ,333, Y: ,387,Time: ,2015-04-09 16:01:46.608
Client Num:, 10000, X: ,337, Y: ,393,Time: ,2015-04-09 16:01:46.708
Client Num:, 10000, X: ,339, Y: ,397,Time: ,2015-04-09 16:01:46.808
Client Num:, 10000, X: ,340, Y: ,399,Time: ,2015-04-09 16:01:46.908
Client Num:, 10000, X: ,342, Y: ,397,Time: ,2015-04-09 16:01:47.008
Client Num:, 10000, X: ,342, Y: ,395,Time: ,2015-04-09 16:01:47.108
Client Num:, 10000, X: ,344, Y: ,393,Time: ,2015-04-09 16:01:47.208
Client Num:, 10000, X: ,345, Y: ,390,Time: ,2015-04-09 16:01:47.308
Client Num:, 10000, X: ,345, Y: ,390,Time: ,2015-04-09 16:01:47.408
Client Num:, 10000, X: ,344, Y: ,392,Time: ,2015-04-09 16:01:47.508
Client Num:, 10000, X: ,345, Y: ,390,Time: ,2015-04-09 16:01:47.608
Client Num:, 10000, X: ,343, Y: ,391,Time: ,2015-04-09 16:01:47.708
Client Num:, 10000, X: ,344, Y: ,392,Time: ,2015-04-09 16:01:47.807
Client Num:, 10000, X: ,347, Y: ,391,Time: ,2015-04-09 16:01:47.908
Client Num:, 10000, X: ,349, Y: ,391,Time: ,2015-04-09 16:01:48.008
Client Num:, 10000, X: ,352, Y: ,392,Time: ,2015-04-09 16:01:48.108
Client Num:, 10000, X: ,352, Y: ,394,Time: ,2015-04-09 16:01:48.208
Client Num:, 10000, X: ,354, Y: ,393,Time: ,2015-04-09 16:01:48.307
Client Num:, 10000, X: ,354, Y: ,398,Time: ,2015-04-09 16:01:48.407
Client Num:, 10000, X: ,354, Y: ,399,Time: ,2015-04-09 16:01:48.507
Client Num:, 10000, X: ,354, Y: ,404,Time: ,2015-04-09 16:01:48.607
Client Num:, 10000, X: ,350, Y: ,410,Time: ,2015-04-09 16:01:48.707
Client Num:, 10000, X: ,349, Y: ,415,Time: ,2015-04-09 16:01:48.807
Client Num:, 10000, X: ,349, Y: ,417,Time: ,2015-04-09 16:01:48.907
Client Num:, 10000, X: ,349, Y: ,420,Time: ,2015-04-09 16:01:49.007
Client Num:, 10000, X: ,348, Y: ,421,Time: ,2015-04-09 16:01:49.107
Client Num:, 10000, X: ,350, Y: ,422,Time: ,2015-04-09 16:01:49.207
Client Num:, 10000, X: ,350, Y: ,424,Time: ,2015-04-09 16:01:49.307
Client Num:, 10000, X: ,353, Y: ,421,Time: ,2015-04-09 16:01:49.407
Client Num:, 10000, X: ,354, Y: ,418,Time: ,2015-04-09 16:01:49.507
Client Num:, 10000, X: ,351, Y: ,408,Time: ,2015-04-09 16:01:49.606
Client Num:, 10000, X: ,353, Y: ,402,Time: ,2015-04-09 16:01:49.706
Client Num:, 10000, X: ,228, Y: ,165,Time: ,2015-04-09 16:01:49.807
Client Num:, 10000, X: ,221, Y: ,173,Time: ,2015-04-09 16:01:49.907
Client Num:, 10000, X: ,572, Y: ,265,Time: ,2015-04-09 16:01:50.006
Client Num:, 10000, X: ,572, Y: ,251,Time: ,2015-04-09 16:01:50.106
Client Num:, 10000, X: ,574, Y: ,249,Time: ,2015-04-09 16:01:50.207
Client Num:, 10000, X: ,574, Y: ,248,Time: ,2015-04-09 16:01:50.306
Client Num:, 10000, X: ,572, Y: ,251,Time: ,2015-04-09 16:01:50.407
Client Num:, 10000, X: ,570, Y: ,255,Time: ,2015-04-09 16:01:50.507
Client Num:, 10000, X: ,571, Y: ,255,Time: ,2015-04-09 16:01:50.607
Client Num:, 10000, X: ,570, Y: ,252,Time: ,2015-04-09 16:01:50.706
Client Num:, 10000, X: ,569, Y: ,253,Time: ,2015-04-09 16:01:50.806
Client Num:, 10000, X: ,575, Y: ,273,Time: ,2015-04-09 16:01:50.906
Client Num:, 10000, X: ,578, Y: ,293,Time: ,2015-04-09 16:01:51.006
Client Num:, 10000, X: ,583, Y: ,314,Time: ,2015-04-09 16:01:51.106
Client Num:, 10000, X: ,588, Y: ,330,Time: ,2015-04-09 16:01:51.206
Client Num:, 10000, X: ,632, Y: ,511,Time: ,2015-04-09 16:01:51.306
Client Num:, 10000, X: ,626, Y: ,513,Time: ,2015-04-09 16:01:51.406
Client Num:, 10000, X: ,627, Y: ,521,Time: ,2015-04-09 16:01:51.505
Client Num:, 10000, X: ,667, Y: ,313,Time: ,2015-04-09 16:01:51.606
Client Num:, 10000, X: ,755, Y: ,156,Time: ,2015-04-09 16:01:51.706
Client Num:, 10000, X: ,756, Y: ,168,Time: ,2015-04-09 16:01:51.806
Client Num:, 10000, X: ,760, Y: ,157,Time: ,2015-04-09 16:01:51.906
Client Num:, 10000, X: ,760, Y: ,171,Time: ,2015-04-09 16:01:52.006
Client Num:, 10000, X: ,775, Y: ,167,Time: ,2015-04-09 16:01:52.105
Client Num:, 10000, X: ,799, Y: ,163,Time: ,2015-04-09 16:01:52.205
Client Num:, 10000, X: ,817, Y: ,154,Time: ,2015-04-09 16:01:52.305
Client Num:, 10000, X: ,1062, Y: ,162,Time: ,2015-04-09 16:01:52.405
Client Num:, 10000, X: ,1046, Y: ,182,Time: ,2015-04-09 16:01:52.506
Client Num:, 10000, X: ,1043, Y: ,186,Time: ,2015-04-09 16:01:52.605
Client Num:, 10000, X: ,1047, Y: ,179,Time: ,2015-04-09 16:01:52.705
Client Num:, 10000, X: ,1047, Y: ,175,Time: ,2015-04-09 16:01:52.806
Client Num:, 10000, X: ,1047, Y: ,177,Time: ,2015-04-09 16:01:52.905
Client Num:, 10000, X: ,1062, Y: ,175,Time: ,2015-04-09 16:01:53.005
Client Num:, 10000, X: ,1077, Y: ,178,Time: ,2015-04-09 16:01:53.105
Client Num:, 10000, X: ,1091, Y: ,179,Time: ,2015-04-09 16:01:53.205
Client Num:, 10000, X: ,1103, Y: ,181,Time: ,2015-04-09 16:01:53.305
Client Num:, 10000, X: ,1113, Y: ,184,Time: ,2015-04-09 16:01:53.405
Client Num:, 10000, X: ,1103, Y: ,504,Time: ,2015-04-09 16:01:53.505
Client Num:, 10000, X: ,1085, Y: ,531,Time: ,2015-04-09 16:01:53.605
Client Num:, 10000, X: ,1087, Y: ,533,Time: ,2015-04-09 16:01:53.704
Client Num:, 10000, X: ,1081, Y: ,543,Time: ,2015-04-09 16:01:53.804
Client Num:, 10000, X: ,1074, Y: ,546,Time: ,2015-04-09 16:01:53.904
Client Num:, 10000, X: ,1068, Y: ,549,Time: ,2015-04-09 16:01:54.004
Client Num:, 10000, X: ,1067, Y: ,551,Time: ,2015-04-09 16:01:54.104
Client Num:, 10000, X: ,1066, Y: ,552,Time: ,2015-04-09 16:01:54.205
Client Num:, 10000, X: ,1063, Y: ,555,Time: ,2015-04-09 16:01:54.305
Client Num:, 10000, X: ,1060, Y: ,556,Time: ,2015-04-09 16:01:54.404
Client Num:, 10000, X: ,1059, Y: ,557,Time: ,2015-04-09 16:01:54.505
Client Num:, 10000, X: ,1058, Y: ,559,Time: ,2015-04-09 16:01:54.604
Client Num:, 10000, X: ,1054, Y: ,556,Time: ,2015-04-09 16:01:54.704
Client Num:, 10000, X: ,1040, Y: ,546,Time: ,2015-04-09 16:01:54.804
Client Num:, 10000, X: ,488, Y: ,693,Time: ,2015-04-09 16:01:54.904
Client Num:, 10000, X: ,394, Y: ,743,Time: ,2015-04-09 16:01:55.004
Client Num:, 10000, X: ,367, Y: ,752,Time: ,2015-04-09 16:01:55.104
Client Num:, 10000, X: ,368, Y: ,753,Time: ,2015-04-09 16:01:55.204
Client Num:, 10000, X: ,364, Y: ,770,Time: ,2015-04-09 16:01:55.304
Client Num:, 10000, X: ,374, Y: ,743,Time: ,2015-04-09 16:01:55.404
Client Num:, 10000, X: ,378, Y: ,734,Time: ,2015-04-09 16:01:55.504
Client Num:, 10000, X: ,385, Y: ,724,Time: ,2015-04-09 16:01:55.604
Client Num:, 10000, X: ,381, Y: ,725,Time: ,2015-04-09 16:01:55.703
Client Num:, 10000, X: ,377, Y: ,732,Time: ,2015-04-09 16:01:55.803
Client Num:, 10000, X: ,374, Y: ,736,Time: ,2015-04-09 16:01:55.904
Client Num:, 10000, X: ,370, Y: ,738,Time: ,2015-04-09 16:01:56.004
Client Num:, 10000, X: ,370, Y: ,741,Time: ,2015-04-09 16:01:56.104
Client Num:, 10000, X: ,374, Y: ,743,Time: ,2015-04-09 16:01:56.204
Client Num:, 10000, X: ,377, Y: ,744,Time: ,2015-04-09 16:01:56.304
Client Num:, 10000, X: ,378, Y: ,747,Time: ,2015-04-09 16:01:56.403
Client Num:, 10000, X: ,381, Y: ,745,Time: ,2015-04-09 16:01:56.503
Client Num:, 10000, X: ,382, Y: ,735,Time: ,2015-04-09 16:01:56.603
Client Num:, 10000, X: ,384, Y: ,724,Time: ,2015-04-09 16:01:56.703
Client Num:, 10000, X: ,381, Y: ,724,Time: ,2015-04-09 16:01:56.803
Client Num:, 10000, X: ,378, Y: ,724,Time: ,2015-04-09 16:01:56.904
Client Num:, 10000, X: ,346, Y: ,585,Time: ,2015-04-09 16:01:57.004
Client Num:, 10000, X: ,363, Y: ,539,Time: ,2015-04-09 16:01:57.103
Client Num:, 10000, X: ,369, Y: ,546,Time: ,2015-04-09 16:01:57.204
Client Num:, 10000, X: ,372, Y: ,557,Time: ,2015-04-09 16:01:57.304
Client Num:, 10000, X: ,371, Y: ,571,Time: ,2015-04-09 16:01:57.403
Client Num:, 10000, X: ,372, Y: ,578,Time: ,2015-04-09 16:01:57.502
Client Num:, 10000, X: ,370, Y: ,584,Time: ,2015-04-09 16:01:57.602
Client Num:, 10000, X: ,367, Y: ,585,Time: ,2015-04-09 16:01:57.702
Client Num:, 10000, X: ,366, Y: ,586,Time: ,2015-04-09 16:01:57.802
Client Num:, 10000, X: ,255, Y: ,721,Time: ,2015-04-09 16:01:57.903
Client Num:, 10000, X: ,134, Y: ,1128,Time: ,2015-04-09 16:01:58.002
Client Num:, 10000, X: ,110, Y: ,1177,Time: ,2015-04-09 16:01:58.102
Client Num:, 10000, X: ,290, Y: ,805,Time: ,2015-04-09 16:01:58.202
Client Num:, 10000, X: ,362, Y: ,663,Time: ,2015-04-09 16:01:58.302
Client Num:, 10000, X: ,362, Y: ,666,Time: ,2015-04-09 16:01:58.402
Client Num:, 10000, X: ,374, Y: ,662,Time: ,2015-04-09 16:01:58.502
Client Num:, 10000, X: ,372, Y: ,659,Time: ,2015-04-09 16:01:58.602
Client Num:, 10000, X: ,371, Y: ,659,Time: ,2015-04-09 16:01:58.702
Client Num:, 10000, X: ,375, Y: ,656,Time: ,2015-04-09 16:01:58.801
Client Num:, 10000, X: ,223, Y: ,815,Time: ,2015-04-09 16:01:58.902
Client Num:, 10000, X: ,127, Y: ,1056,Time: ,2015-04-09 16:01:59.002
Client Num:, 10000, X: ,214, Y: ,873,Time: ,2015-04-09 16:01:59.102
Client Num:, 10000, X: ,396, Y: ,479,Time: ,2015-04-09 16:01:59.202
Client Num:, 10000, X: ,408, Y: ,496,Time: ,2015-04-09 16:01:59.301
Client Num:, 10000, X: ,384, Y: ,518,Time: ,2015-04-09 16:01:59.404
Client Num:, 10000, X: ,383, Y: ,516,Time: ,2015-04-09 16:01:59.502
Client Num:, 10000, X: ,385, Y: ,510,Time: ,2015-04-09 16:01:59.601
Client Num:, 10000, X: ,470, Y: ,265,Time: ,2015-04-09 16:01:59.702
Client Num:, 10000, X: ,526, Y: ,166,Time: ,2015-04-09 16:01:59.802
Client Num:, 10000, X: ,519, Y: ,172,Time: ,2015-04-09 16:01:59.901
Client Num:, 10000, X: ,524, Y: ,176,Time: ,2015-04-09 16:02:00.001
Client Num:, 10000, X: ,525, Y: ,179,Time: ,2015-04-09 16:02:00.101
Client Num:, 10000, X: ,1153, Y: ,143,Time: ,2015-04-09 16:02:00.201
Client Num:, 10000, X: ,1158, Y: ,155,Time: ,2015-04-09 16:02:00.301
Client Num:, 10000, X: ,1160, Y: ,154,Time: ,2015-04-09 16:02:00.401
Client Num:, 10000, X: ,1159, Y: ,160,Time: ,2015-04-09 16:02:00.501
Client Num:, 10000, X: ,1132, Y: ,208,Time: ,2015-04-09 16:02:00.601
Client Num:, 10000, X: ,1172, Y: ,183,Time: ,2015-04-09 16:02:00.701
Client Num:, 10000, X: ,1193, Y: ,174,Time: ,2015-04-09 16:02:00.801
Client Num:, 10000, X: ,1205, Y: ,170,Time: ,2015-04-09 16:02:00.900
Client Num:, 10000, X: ,1213, Y: ,170,Time: ,2015-04-09 16:02:01.001
Client Num:, 10000, X: ,1219, Y: ,168,Time: ,2015-04-09 16:02:01.101
Client Num:, 10000, X: ,1224, Y: ,167,Time: ,2015-04-09 16:02:01.201
Client Num:, 10000, X: ,1227, Y: ,165,Time: ,2015-04-09 16:02:01.301
Client Num:, 10000, X: ,1226, Y: ,164,Time: ,2015-04-09 16:02:01.401
Client Num:, 10000, X: ,1222, Y: ,168,Time: ,2015-04-09 16:02:01.500
Client Num:, 10000, X: ,1216, Y: ,173,Time: ,2015-04-09 16:02:01.600
Client Num:, 10000, X: ,281, Y: ,204,Time: ,2015-04-09 16:02:01.700
Client Num:, 10000, X: ,204, Y: ,213,Time: ,2015-04-09 16:02:01.801
Client Num:, 10000, X: ,153, Y: ,236,Time: ,2015-04-09 16:02:01.900
Client Num:, 10000, X: ,147, Y: ,238,Time: ,2015-04-09 16:02:02.001
Client Num:, 10000, X: ,146, Y: ,233,Time: ,2015-04-09 16:02:02.100
Client Num:, 10000, X: ,149, Y: ,232,Time: ,2015-04-09 16:02:02.200
Client Num:, 10000, X: ,148, Y: ,228,Time: ,2015-04-09 16:02:02.301
Client Num:, 10000, X: ,147, Y: ,218,Time: ,2015-04-09 16:02:02.401
Client Num:, 10000, X: ,147, Y: ,209,Time: ,2015-04-09 16:02:02.500
Client Num:, 10000, X: ,147, Y: ,199,Time: ,2015-04-09 16:02:02.600
Client Num:, 10000, X: ,146, Y: ,195,Time: ,2015-04-09 16:02:02.701
Client Num:, 10000, X: ,146, Y: ,191,Time: ,2015-04-09 16:02:02.800
Client Num:, 10000, X: ,144, Y: ,189,Time: ,2015-04-09 16:02:02.901
Client Num:, 10000, X: ,145, Y: ,186,Time: ,2015-04-09 16:02:03.001
